model_name,experiment,batch_size,optimizer,lr,dropout,regularization,lambda,history,num_epochs,val_precision,val_recall,val_f1_score,val_accuracy
efficientnetb4,1,256,adam,0.01,0.0,none,0.0,"{'epoch': [1, 2, 3, 4, 5, 6, 7, 8, 9, 10, 11, 12, 13, 14, 15, 16, 17, 18, 19, 20, 21, 22, 23, 24, 25, 26, 27, 28, 29, 30], 'train_loss': [2.2243570800357393, 2.009950961897108, 1.7404196457544963, 1.5732264598210652, 1.427353378952874, 1.3315190730836657, 1.2417783426496718, 1.1778613135867648, 1.1165127116733127, 1.0770048795912002, 1.0467924560334947, 1.00850164826711, 0.9791544559054904, 0.9478160485585531, 0.9259275988790724, 0.9019480782614814, 0.8847738101959228, 0.8638191692352295, 0.84752964220047, 0.8317673484378391, 0.8086475270059373, 0.8049737668991089, 0.7750932085249159, 0.7708471994188096, 0.7714917657004462, 0.7393003392537435, 0.7373956013361613, 0.7238215224795871, 0.7161047599156698, 0.6988774610943265], 'train_acc': [0.14893333333333333, 0.1986, 0.315, 0.3901222222222222, 0.4619333333333333, 0.509, 0.5487555555555556, 0.5734555555555556, 0.5965444444444444, 0.6140888888888889, 0.6241, 0.6379777777777778, 0.6493777777777778, 0.6617444444444445, 0.6679777777777778, 0.6797666666666666, 0.6859333333333333, 0.6919777777777778, 0.699, 0.7038555555555556, 0.7130777777777778, 0.7147444444444444, 0.7253111111111111, 0.7269777777777777, 0.7294444444444445, 0.7395666666666667, 0.7387222222222222, 0.7452666666666666, 0.7468555555555556, 0.7538222222222222], 'val_loss': [1.9714388889100816, 1.8066579016579523, 1.6679344250361126, 1.5291704605526395, 1.4134286970350478, 1.322127280023363, 1.1978945848464966, 1.1881794441223144, 1.108444293223487, 1.0640765670988295, 1.0347731316460504, 1.0316318988800048, 1.0019730780919394, 1.011649385187361, 1.0163145165337457, 0.9443121355586582, 0.9413927614953783, 0.947671681382921, 0.9300596043480767, 0.9283442897584703, 0.9343597529729207, 0.8506999734030829, 0.9240702103508843, 0.9350651604122586, 0.8890886411719852, 0.8594114090177748, 0.831999542204539, 0.8507656702677409, 0.845866912788815, 0.8861189053111607], 'val_acc': [0.20893333333333333, 0.2901666666666667, 0.3385222222222222, 0.41283333333333333, 0.4718888888888889, 0.5005555555555555, 0.5613, 0.5720555555555555, 0.5999666666666666, 0.6190777777777777, 0.6331, 0.6248555555555556, 0.6432666666666667, 0.6449, 0.6455888888888889, 0.6601333333333333, 0.6677, 0.6665555555555556, 0.6700444444444444, 0.6709444444444445, 0.6702, 0.7002333333333334, 0.6751777777777778, 0.6763555555555556, 0.6869888888888889, 0.6982111111111111, 0.7056222222222223, 0.7018111111111112, 0.7038, 0.6932333333333334]}",30,0.7986574172973633,0.7874444723129272,0.7864154577255249,0.7874444723129272
efficientnetb4,1,64,adam,0.01,0.0,none,0.0,"{'epoch': [1, 2, 3, 4, 5, 6, 7, 8, 9, 10, 11, 12, 13, 14, 15, 16, 17, 18, 19, 20, 21, 22, 23, 24, 25, 26, 27, 28, 29, 30], 'train_loss': [2.270403869035509, 2.1343011247634887, 1.9516683644188775, 1.9021846787982517, 1.9264083265516494, 1.7493882737901476, 1.6637761289172703, 1.5890047160042657, 1.5334741083145143, 1.4833175999747383, 1.433465949397617, 1.3909788465076023, 1.352691686460707, 1.3161554910871718, 1.2916687594307794, 1.259058699268765, 1.2318042431089613, 1.2148802777820162, 1.2975179656240676, 1.1802095999134912, 1.1546056983311972, 1.137601882425944, 1.133645951186286, 1.1116138704299927, 1.0973629486931695, 1.0780882727940877, 1.066503689342075, 1.0592024116516112, 1.049868532371521, 1.0491956545935737], 'train_acc': [0.13835555555555556, 0.18295555555555557, 0.2381888888888889, 0.2612111111111111, 0.23996666666666666, 0.31544444444444447, 0.35067777777777775, 0.3838111111111111, 0.41346666666666665, 0.44103333333333333, 0.46564444444444447, 0.4817888888888889, 0.49785555555555555, 0.5123666666666666, 0.5243777777777778, 0.5373555555555556, 0.5478555555555555, 0.5557777777777778, 0.5238222222222222, 0.5684777777777777, 0.5798333333333333, 0.5849888888888889, 0.5877333333333333, 0.5952444444444445, 0.6013111111111111, 0.6086111111111111, 0.6152111111111112, 0.6151777777777778, 0.6207777777777778, 0.6197111111111111], 'val_loss': [2.307114443122016, 1.9595511709213256, 1.8794493350558812, 1.90686012134552, 1.7960982333289253, 1.6974622642729018, 1.6037222204844157, 1.5939860552046035, 1.567079862467448, 1.4598843911064996, 1.4825233215120104, 1.4140844738854301, 1.4174466865115696, 1.4251025710635714, 1.3891652625401816, 1.243530608537462, 1.2906959616767035, 1.2263904428905912, 1.2138747613483005, 1.211885580391354, 1.159439376449585, 1.2823256136099497, 1.1667923312717015, 1.166315560054779, 1.164450423579746, 1.1527359157562256, 1.1245983757019042, 1.102673012246026, 1.1554844181378683, 1.1358461955441368], 'val_acc': [0.1, 0.23221111111111112, 0.2670222222222222, 0.24804444444444446, 0.2922777777777778, 0.3393888888888889, 0.37425555555555556, 0.3708666666666667, 0.41126666666666667, 0.45734444444444444, 0.4574888888888889, 0.47704444444444444, 0.4748, 0.48094444444444445, 0.5083777777777778, 0.5426444444444445, 0.5332444444444444, 0.5487888888888889, 0.5578555555555555, 0.5596333333333333, 0.5785333333333333, 0.5367111111111111, 0.5762888888888889, 0.5802333333333334, 0.5769666666666666, 0.5828666666666666, 0.5968, 0.5975888888888888, 0.5843777777777778, 0.5903111111111111]}",30,0.6869542002677917,0.6695555448532104,0.6648367643356323,0.6695555448532104
efficientnetb4,1,128,adam,0.001,0.0,none,0.0,"{'epoch': [1, 2, 3, 4, 5, 6, 7, 8, 9, 10, 11, 12, 13, 14, 15, 16, 17, 18, 19, 20, 21, 22, 23, 24, 25, 26], 'train_loss': [1.8239459637324016, 1.4371669301350911, 1.2424323809623719, 1.1272655449761284, 1.0425388959460788, 0.9683143183178372, 0.9081438262515598, 0.8558059798982408, 0.8076908834987216, 0.7693429113388062, 0.7230600984149509, 0.6875291540781657, 0.647938235367669, 0.6824618414031135, 0.5814668811586168, 0.5520273303243849, 0.5215455194049411, 0.5069452154795329, 0.49850470797220864, 0.4388644857088725, 0.40492095359696284, 0.4058524996439616, 0.3627074803352356, 0.33468303626378376, 0.3329695716328091, 0.2999907117207845], 'train_acc': [0.29943333333333333, 0.4623555555555556, 0.5466222222222222, 0.5927111111111111, 0.6262222222222222, 0.6531333333333333, 0.6792888888888889, 0.6943333333333334, 0.7135666666666667, 0.7273, 0.7428777777777777, 0.7545, 0.7700555555555556, 0.7570111111111111, 0.7924555555555556, 0.8034, 0.8138222222222222, 0.8194222222222223, 0.8235555555555556, 0.8420555555555556, 0.8549222222222223, 0.8550222222222222, 0.8707666666666667, 0.8798444444444444, 0.8804444444444445, 0.8925444444444445], 'val_loss': [1.5893370409223768, 1.4162112630208334, 1.216887688975864, 1.123386158159044, 1.101017007001241, 1.0601550962554085, 1.0754351281378005, 0.9874152797698975, 0.9772149830288357, 0.9724786561118232, 0.9474275461408828, 0.9702882972717285, 0.9348287210570442, 0.9396427882724339, 0.9187379440519545, 0.9554026589181688, 0.9067224426269531, 0.9623356715732151, 0.933566543314192, 0.9861009661250644, 1.0116581980281405, 1.0115335794872709, 1.0217990034951103, 1.0585522581630282, 1.104838840172026, 1.0734574819458855], 'val_acc': [0.4134333333333333, 0.4920333333333333, 0.5539888888888889, 0.5952888888888889, 0.6065333333333334, 0.6194444444444445, 0.6256333333333334, 0.6490777777777778, 0.6557333333333333, 0.6608222222222222, 0.6745666666666666, 0.6713222222222223, 0.6823555555555556, 0.6754888888888889, 0.6908888888888889, 0.6859333333333333, 0.6936222222222223, 0.6752, 0.6999111111111112, 0.6933111111111111, 0.6914777777777777, 0.6909111111111111, 0.6961666666666667, 0.6962111111111111, 0.6892, 0.6970111111111111]}",26,0.7972687482833862,0.7894444465637207,0.7906147241592407,0.7894444465637207
efficientnetb4,1,128,sgd,0.01,0.0,none,0.0,"{'epoch': [1, 2, 3, 4, 5, 6, 7, 8, 9, 10, 11, 12, 13, 14, 15, 16, 17], 'train_loss': [1.9108549777348836, 1.4736398665534125, 1.2621308876249526, 1.1419447267744276, 1.0545518903308444, 0.9779763996283213, 0.9099331622335646, 0.8556461219999525, 0.8065361423121559, 0.7586878434075249, 0.7217509758525424, 0.6864112557993994, 0.6411015619277954, 0.6099878561867608, 0.5763815551227993, 0.5488881849182977, 0.5124046939902835], 'train_acc': [0.2804, 0.4477555555555556, 0.5365333333333333, 0.5850111111111111, 0.6192, 0.6477, 0.6720555555555555, 0.6917444444444445, 0.7106666666666667, 0.7278333333333333, 0.7394444444444445, 0.7539444444444444, 0.7686777777777778, 0.7802444444444444, 0.7917444444444445, 0.8033, 0.8153777777777778], 'val_loss': [1.6132155207528007, 1.368159226014879, 1.2475954729292127, 1.1626059244579738, 1.1972433561325073, 1.0806487804200915, 1.0380983745151096, 1.0012424175050523, 1.0029420681317647, 1.0173367197460599, 1.0177358228047688, 1.0220478126949735, 0.9996775841818916, 1.0602379448042976, 1.1014776178254022, 1.0847696761449177, 1.0504907447391085], 'val_acc': [0.40307777777777776, 0.49575555555555556, 0.5416888888888889, 0.5783666666666667, 0.5813666666666667, 0.6142111111111112, 0.6300666666666667, 0.6438888888888888, 0.6491333333333333, 0.6462666666666667, 0.6504444444444445, 0.6553, 0.6548111111111111, 0.6503222222222222, 0.6378222222222222, 0.6559111111111111, 0.6632888888888889]}",17,0.7568122148513794,0.7495555877685547,0.749526858329773,0.7495555281639099
efficientnetb4,1,32,adam,0.001,0.0,none,0.0,"{'epoch': [1, 2, 3, 4, 5, 6, 7, 8, 9, 10, 11, 12, 13, 14, 15, 16, 17, 18], 'train_loss': [1.8599441291809082, 1.4784161321851943, 1.24949381213718, 1.1221418157577514, 1.0309896138721042, 0.9831450511932373, 0.9061346217049493, 0.8815226677152845, 0.8105426689253913, 0.7660436529795329, 0.765831872007582, 0.7114260045422448, 0.6749097278436025, 0.6376549497074551, 0.6051265313784281, 0.5675731113645766, 0.5423743309458097, 0.5109927608940337], 'train_acc': [0.286, 0.4476111111111111, 0.5439333333333334, 0.5959888888888889, 0.6281111111111111, 0.6481888888888889, 0.6756555555555556, 0.6870777777777778, 0.7118222222222222, 0.7279666666666667, 0.7294333333333334, 0.7476111111111111, 0.7595444444444445, 0.7736222222222222, 0.7857777777777778, 0.7981333333333334, 0.8065111111111111, 0.8186222222222223], 'val_loss': [2.279155066426595, 1.313516376929813, 1.1630898155583276, 1.0987866047329373, 1.0697045462873247, 1.0188463624397914, 0.9856883936007818, 0.9676098619355096, 0.8930864811862509, 0.8821287443028556, 0.9621257555352317, 0.8968454276137882, 0.9232369150148497, 0.8327335896220472, 0.8420020021147198, 0.9014121537658903, 0.8559221322165596, 0.8769200321018695], 'val_acc': [0.27664444444444447, 0.5195777777777778, 0.5803333333333334, 0.6064333333333334, 0.6163333333333333, 0.6359666666666667, 0.6500111111111111, 0.6533333333333333, 0.6826888888888889, 0.6881444444444444, 0.6612222222222223, 0.6932333333333334, 0.6812333333333334, 0.7089888888888889, 0.7070111111111111, 0.7025666666666667, 0.7105666666666667, 0.7151777777777778]}",18,0.8145744204521179,0.8118888735771179,0.8120794296264648,0.8118888735771179
efficientnetb4,1,128,sgd,0.1,0.0,none,0.0,"{'epoch': [1, 2, 3, 4, 5, 6, 7, 8, 9, 10, 11, 12, 13, 14, 15, 16, 17, 18, 19], 'train_loss': [2.0358600681304933, 1.6969036493513319, 1.529414259507921, 1.396217493226793, 1.2947931646135118, 1.2022133979691398, 1.1221940796322292, 1.0582308164808485, 1.0017264036602445, 0.9519123879538642, 0.9012620713339912, 0.8689679087850782, 0.819560168308682, 0.7836376683764987, 0.7416991700066461, 0.7100281810760498, 0.6800041635142432, 0.6529041929668851, 0.6189573880341318], 'train_acc': [0.22664444444444445, 0.35085555555555553, 0.4295333333333333, 0.48623333333333335, 0.5269555555555555, 0.5616222222222222, 0.5937777777777777, 0.6173888888888889, 0.6399666666666667, 0.6571, 0.6755555555555556, 0.6886333333333333, 0.706, 0.7198222222222223, 0.7350222222222222, 0.7461333333333333, 0.7573777777777778, 0.7654555555555556, 0.7771777777777777], 'val_loss': [1.8220172566943698, 1.5776397892634073, 1.4579952018737794, 1.3811461776309544, 1.320071354675293, 1.234713467725118, 1.2027031322691175, 1.1456932843738132, 1.1087786643346151, 1.0903938901689318, 1.0549547236548529, 1.1023272746404011, 1.0720541734059652, 1.0442156362321642, 1.0178351859622532, 1.0573492301305134, 1.1013121177885268, 1.0621432584550645, 1.039807277637058], 'val_acc': [0.29446666666666665, 0.40673333333333334, 0.46321111111111113, 0.49195555555555553, 0.5179666666666667, 0.5542111111111111, 0.568, 0.5929444444444445, 0.6053666666666667, 0.6082444444444445, 0.6274666666666666, 0.6212777777777778, 0.6233111111111111, 0.6355111111111111, 0.6457111111111111, 0.6392444444444444, 0.6344666666666666, 0.6463, 0.6513111111111111]}",19,0.7459988594055176,0.7413333654403687,0.7411744594573975,0.7413333058357239
efficientnetb4,1,256,adam,0.001,0.0,none,0.0,"{'epoch': [1, 2, 3, 4, 5, 6, 7, 8, 9, 10, 11, 12, 13, 14, 15, 16], 'train_loss': [1.9107801044676038, 1.506930685742696, 1.2955204457388985, 1.1739001080195108, 1.0680045503828262, 0.998075859620836, 0.9366887101067437, 0.8794223687065972, 0.8343215577231513, 0.7816685111363729, 0.7404922087245517, 0.6971392841974894, 0.6564428603490193, 0.6153394142256843, 0.575988635942671, 0.5383417493714227], 'train_acc': [0.26695555555555556, 0.4358111111111111, 0.5245111111111112, 0.5726888888888889, 0.6149777777777777, 0.6426222222222222, 0.6649222222222222, 0.6875666666666667, 0.7029, 0.7214777777777778, 0.7359444444444444, 0.7524, 0.7677666666666667, 0.7825444444444445, 0.7959888888888889, 0.8077888888888889], 'val_loss': [1.6050391776614719, 1.4115192316479153, 1.2475535031212701, 1.1915775941212972, 1.1157243025885688, 1.1043193365414938, 1.1169392154269748, 1.0487426490783691, 1.0616617020501031, 1.037195725271437, 1.038647083706326, 1.0346258807076347, 1.0405444918526543, 1.044977590476142, 1.072510498046875, 1.0459511024898953], 'val_acc': [0.3852111111111111, 0.4819, 0.5460111111111111, 0.5694333333333333, 0.5990222222222222, 0.6052888888888889, 0.6069333333333333, 0.6280222222222223, 0.6317333333333334, 0.6360444444444444, 0.6441, 0.6436555555555555, 0.6470333333333333, 0.6518777777777778, 0.6557111111111111, 0.6590444444444444]}",16,0.7450023889541626,0.7431110739707947,0.7424566745758057,0.7431111335754395
efficientnetb4,1,64,adam,0.001,0.0,l2,0.001,"{'epoch': [1, 2, 3, 4, 5], 'train_loss': [1.8541587592230904, nan, nan, nan, nan], 'train_acc': [0.2784, 0.10233333333333333, 0.1, 0.1, 0.1], 'val_loss': [6.079682358678182, nan, nan, nan, nan], 'val_acc': [0.3661888888888889, 0.1, 0.1, 0.1, 0.1]}",5,0.3862893283367157,0.3781110942363739,0.3622541129589081,0.3781111240386963
efficientnetb4,1,64,adam,0.001,0.0,none,0.0,"{'epoch': [1, 2, 3, 4, 5, 6, 7, 8, 9, 10, 11, 12, 13, 14, 15, 16, 17, 18, 19, 20, 21, 22, 23], 'train_loss': [1.7968424700419108, 1.4032722449620565, 1.214236091295878, 1.1079010997136434, 1.0293762358241612, 0.9785290359603034, 0.9140292184935676, 0.8528205026944479, 0.8090674900902642, 0.7663709696663751, 0.7263255102157593, 0.6917676812701755, 0.6565194541083442, 0.6266002645492553, 0.6709561611652374, 0.580460710313585, 0.5487503719011942, 0.514762119017707, 0.4886337937063641, 0.4699415823486116, 0.4604034705903795, 0.4201686942100525, 0.39660140817430284], 'train_acc': [0.3148222222222222, 0.4789888888888889, 0.5585111111111111, 0.6005222222222222, 0.6298666666666667, 0.6515111111111112, 0.6739444444444445, 0.6968666666666666, 0.7116888888888889, 0.7278333333333333, 0.7397333333333334, 0.7551222222222223, 0.7661888888888889, 0.7787666666666667, 0.7630222222222223, 0.7936444444444445, 0.8054444444444444, 0.8165, 0.8264, 0.8327222222222223, 0.8362333333333334, 0.8502444444444445, 0.8581555555555556], 'val_loss': [1.5128550147798325, 1.286091790453593, 1.1736131559477911, 1.1234317707273695, 1.0554410121175979, 0.9888370241641998, 0.9452788878758749, 1.0072389076179928, 0.9329569282425775, 0.8957631535053253, 0.891870667219162, 0.8904976929293739, 0.8812288774278428, 0.8729588254345788, 0.870677486954795, 0.8779180473486582, 0.8796442889319526, 0.9350664658519957, 0.8607567956288655, 0.8756131371180217, 0.9208879116773605, 0.9557073424710167, 1.0398943233595954], 'val_acc': [0.4194111111111111, 0.5245666666666666, 0.5741777777777778, 0.5980333333333333, 0.6234222222222222, 0.6492777777777777, 0.6639333333333334, 0.6450666666666667, 0.6709, 0.6863, 0.6923666666666667, 0.6952555555555555, 0.6997333333333333, 0.6986, 0.7007666666666666, 0.7091222222222222, 0.7095, 0.7080888888888889, 0.7128333333333333, 0.7143111111111111, 0.7137666666666667, 0.6998333333333333, 0.6943444444444444]}",23,0.8110091686248779,0.8065555095672607,0.8068586587905884,0.8065555691719055
efficientnetb4,1,64,adam,0.001,0.3,none,0.0,"{'epoch': [1, 2, 3, 4, 5, 6, 7, 8, 9, 10, 11, 12, 13, 14, 15, 16, 17, 18], 'train_loss': [1.837126486714681, 1.4285633295694986, 1.2255872445424398, 1.1088650636249118, 1.0295516595840455, 0.9578549745665657, 0.8960911872863769, 0.8415727107895745, 0.7953965259552002, 0.7491927528805203, 0.7092243894471063, 0.6739091233253479, 0.6441886847919888, 0.608142288462321, 0.5778872710863749, 0.544983547867669, 0.5192679117467668, 0.48848091502719454], 'train_acc': [0.29525555555555555, 0.46815555555555555, 0.5528444444444445, 0.6009888888888889, 0.6313333333333333, 0.6598333333333334, 0.6825888888888889, 0.7014444444444444, 0.7183333333333334, 0.7355444444444444, 0.7490333333333333, 0.7625, 0.7716111111111111, 0.7843, 0.7947555555555555, 0.8063444444444444, 0.8146, 0.8263333333333334], 'val_loss': [1.5711698806762695, 1.2714341899236044, 1.18587897717158, 1.0986827925682068, 1.0566511339717441, 1.0169643758243985, 0.9725573868433635, 0.9572885233879089, 0.8994791586505042, 0.9032445018874274, 0.8729026365756989, 0.8683577325344086, 0.8909097633944617, 0.8484561660554674, 0.8850170334445105, 0.8558864040957557, 0.8888659268220266, 0.9251782146705522], 'val_acc': [0.40686666666666665, 0.5292111111111111, 0.5751555555555555, 0.6021333333333333, 0.6276, 0.6380888888888889, 0.6511444444444444, 0.6627444444444445, 0.6818, 0.6837444444444445, 0.6925555555555556, 0.6978222222222222, 0.6942666666666667, 0.7097333333333333, 0.6989, 0.7128666666666666, 0.7051222222222222, 0.7048444444444445]}",18,0.8090057969093323,0.8058888912200928,0.8064127564430237,0.8058888912200928
efficientnetb4,1,32,sgd,0.01,0.0,none,0.0,"{'epoch': [1, 2, 3, 4, 5, 6, 7, 8, 9, 10, 11, 12, 13, 14], 'train_loss': [1.8196082907358806, 1.413612829038832, 1.1997300571865506, 1.0658595395406087, 0.9699427905082703, 0.8921088958952162, 0.8297253980000814, 0.7770343407101101, 0.7267437605698903, 0.6871675180806054, 0.6499779280503591, 0.613201205947664, 0.5774725018766191, 0.5500125355455611], 'train_acc': [0.31353333333333333, 0.4803777777777778, 0.5656333333333333, 0.6159111111111111, 0.6525111111111112, 0.6819777777777778, 0.7027666666666667, 0.7206666666666667, 0.7399555555555556, 0.7543888888888889, 0.7671333333333333, 0.7805222222222222, 0.7919111111111111, 0.8024555555555556], 'val_loss': [1.5706841181649103, 1.2826947202099694, 1.1512969744417403, 1.0603581698470645, 1.0075255323171615, 0.9456937346922026, 0.9391744558281369, 0.9729677583297094, 0.9326247288809882, 0.9105600523836083, 0.9129499228815238, 0.9040479318274393, 0.9107043336033821, 0.9370832003381517], 'val_acc': [0.41667777777777776, 0.5344333333333333, 0.5874, 0.6198222222222223, 0.6407222222222222, 0.6636666666666666, 0.6649555555555555, 0.6575333333333333, 0.6797, 0.6835222222222223, 0.6885333333333333, 0.692, 0.6907333333333333, 0.6939777777777778]}",14,0.7947900295257568,0.7845555543899536,0.7857276201248169,0.7845555543899536
efficientnetb4,1,64,adam,0.001,0.0,l1,0.001,"{'epoch': [1, 2, 3, 4, 5, 6, 7, 8, 9, 10, 11, 12, 13, 14, 15, 16, 17, 18, 19, 20, 21, 22, 23, 24, 25, 26, 27, 28, 29, 30], 'train_loss': [96.34129153984918, 6.007008477274577, 4.2904294876946345, 3.9281859703911675, 3.8024759841071236, 3.735000361633301, 3.685108588155111, 3.645415095562405, 3.616442897372776, 3.595493659591675, 3.5795686092800563, 3.5675545386420358, 3.5533309999254015, 3.546629992548625, 3.542231072701348, 3.53166968943278, 3.5283823941548667, 3.5195473984612358, 3.517218421596951, 3.509374048529731, 3.507764813147651, 3.5043230171627466, 3.5002388146294487, 3.5001266036987304, 3.4933983989715576, 3.4951792451646595, 3.486326821433173, 3.4857232418484156, 3.4837590378231473, 3.4873137994554306], 'train_acc': [0.20135555555555557, 0.3391222222222222, 0.4041444444444444, 0.42841111111111113, 0.44204444444444446, 0.45418888888888886, 0.4686111111111111, 0.47914444444444443, 0.4881111111111111, 0.4935333333333333, 0.4992888888888889, 0.5009888888888889, 0.5053888888888889, 0.5088888888888888, 0.5070333333333333, 0.5130111111111111, 0.5158666666666667, 0.5171888888888889, 0.5184888888888889, 0.5200111111111111, 0.5192, 0.5224333333333333, 0.5234111111111112, 0.5228111111111111, 0.5275111111111112, 0.5280444444444444, 0.5304555555555556, 0.5289666666666667, 0.5297666666666667, 0.5302333333333333], 'val_loss': [1.8867127272076076, 1.5412567123836942, 1.4918138247172037, 1.5170021847301058, 1.4412371769375272, 1.4430607924143473, 1.3841417070388793, 1.3672205525292291, 1.3788052679273817, 1.3566193594614664, 1.3424460923088921, 1.3428764770931667, 1.3801165873421564, 1.355750099711948, 1.3375176161448161, 1.3925620938618979, 1.3351531034257678, 1.2925738828659057, 1.3412331725226507, 1.2973463222291735, 1.2799628335105049, 1.3526701052983603, 1.307742887793647, 1.2886650033632914, 1.2832824832704333, 1.2710915473090278, 1.3034726071675617, 1.3249313888125949, 1.323510935189989, 1.2888775177637737], 'val_acc': [0.2754, 0.4020666666666667, 0.42617777777777777, 0.4176111111111111, 0.4424888888888889, 0.45087777777777777, 0.4777222222222222, 0.4852111111111111, 0.4880333333333333, 0.4969222222222222, 0.5051777777777777, 0.4995222222222222, 0.4888777777777778, 0.49805555555555553, 0.4954777777777778, 0.48006666666666664, 0.5055666666666667, 0.5229666666666667, 0.5045888888888889, 0.5221555555555556, 0.5270222222222222, 0.49335555555555555, 0.5157111111111111, 0.5249111111111111, 0.5245777777777778, 0.5306444444444445, 0.5197, 0.5161, 0.5133444444444445, 0.5236444444444445]}",30,0.603175938129425,0.5873333215713501,0.5832453966140747,0.5873333215713501
efficientnetb4,1,64,sgd,0.1,0.0,none,0.0,"{'epoch': [1, 2, 3, 4, 5, 6, 7, 8, 9, 10, 11, 12, 13, 14, 15, 16, 17, 18, 19, 20, 21, 22, 23], 'train_loss': [1.9346223587459987, 1.6757556539535523, 1.4408252501805623, 1.300338941086663, 1.208193068991767, 1.1335629015816582, 1.069140031835768, 1.013665154478285, 0.9705400546603733, 0.9290656450695461, 0.8978232357872857, 0.8625178687678443, 0.8212730534023709, 0.7872385100470649, 0.7688924942069584, 0.7350243857595655, 0.7143443571090698, 0.6898954024632772, 0.6657334158579509, 0.6417478832456801, 0.6252120925585429, 0.5992378660837809, 0.5835550985124376], 'train_acc': [0.2581111111111111, 0.3620111111111111, 0.4670666666666667, 0.5256777777777778, 0.5621111111111111, 0.5919, 0.6153444444444445, 0.6354888888888889, 0.6522333333333333, 0.6661777777777778, 0.6794777777777777, 0.6919222222222222, 0.7059444444444445, 0.7180111111111112, 0.7259111111111111, 0.7362111111111111, 0.744, 0.7528888888888889, 0.7613, 0.7705666666666666, 0.7759666666666667, 0.7858111111111111, 0.7913555555555556], 'val_loss': [1.7889311703999837, 1.5059478778415256, 1.3467139979256524, 1.3348032690684, 1.219923846605089, 1.156297728729248, 1.1263571580674914, 1.101303296438853, 1.0840517934163412, 1.0481850964864095, 1.0397513938903808, 1.0966114896509382, 1.0027024044354758, 0.9912928083048926, 1.0262090356720819, 0.9829010641124514, 0.9633752063539293, 1.021813157113393, 0.9540513849364387, 1.0590051928599675, 0.9720115561379327, 0.9917314648787181, 1.0749996409310234], 'val_acc': [0.3203111111111111, 0.4373888888888889, 0.49933333333333335, 0.516, 0.5560777777777778, 0.5821555555555555, 0.5954555555555555, 0.6036, 0.6175888888888889, 0.6258888888888889, 0.6316222222222222, 0.6240555555555556, 0.6473, 0.6518222222222222, 0.6424777777777778, 0.6642666666666667, 0.6698666666666667, 0.6605222222222222, 0.6725, 0.6441777777777777, 0.6726888888888889, 0.6603888888888889, 0.6524888888888889]}",23,0.7750868201255798,0.7708888649940491,0.7710922956466675,0.7708888649940491
xception,1,32,sgd,0.01,0.0,none,0.0,"{'epoch': [1, 2, 3, 4, 5, 6, 7, 8, 9, 10, 11, 12], 'train_loss': [2.0159957904815675, 1.6572838501824274, 1.4817335338804456, 1.3692675189759995, 1.2818579058329265, 1.2131618719948662, 1.1528751488685607, 1.1030061560418871, 1.0580580009884304, 1.0130827114741008, 0.9698139401117961, 0.9345490944862366], 'train_acc': [0.3081333333333333, 0.38333333333333336, 0.45211111111111113, 0.4955555555555556, 0.5287777777777778, 0.5574, 0.5798444444444445, 0.5991222222222222, 0.6147111111111111, 0.6328, 0.6483666666666666, 0.6606555555555556], 'val_loss': [2.0660345788107977, 1.5632663952085708, 1.4882462999237909, 1.328116175482008, 1.3317518645392523, 1.2311098329650032, 1.2345344025717842, 1.1929685492091708, 1.150066432237625, 1.1193812955326503, 1.1569217223856185, 1.148275424276458], 'val_acc': [0.2720888888888889, 0.41704444444444444, 0.46347777777777777, 0.5140777777777777, 0.5146777777777778, 0.5512222222222222, 0.5496777777777778, 0.5692555555555555, 0.5846888888888889, 0.5957, 0.5906777777777777, 0.5930111111111112]}",12,0.6807186603546143,0.6768888831138611,0.6736847758293152,0.6768888831138611
xception,1,128,adam,0.01,0.0,none,0.0,"{'epoch': [1, 2, 3, 4, 5, 6, 7, 8, 9, 10, 11, 12, 13, 14, 15, 16, 17, 18, 19, 20, 21, 22, 23, 24, 25, 26, 27], 'train_loss': [2.099819779841105, 1.8165403090159098, 1.6485755590862698, 1.5320746799680922, 1.4563493924882678, 1.3864364642037286, 1.329760271326701, 1.2828702191458807, 1.2412851239946154, 1.2008250500573052, 1.172727942996555, 1.1418452976332771, 1.1257654321140713, 1.0905942604806689, 1.0739645496792263, 1.047431556002299, 1.0289275086085001, 1.005680054283142, 0.9849886704126993, 0.9691455813619826, 0.9459040378358629, 0.9297615707821316, 0.9140450553046332, 0.8925672614945306, 0.8779154391712612, 0.8638485342449612, 0.8444222250832452], 'train_acc': [0.25295555555555554, 0.3060222222222222, 0.37885555555555556, 0.42188888888888887, 0.45493333333333336, 0.4845111111111111, 0.5070222222222223, 0.5256, 0.5425222222222222, 0.5579777777777778, 0.5690111111111111, 0.5806111111111111, 0.5866666666666667, 0.6024888888888889, 0.6085444444444444, 0.6177, 0.6252666666666666, 0.6338333333333334, 0.6411, 0.6473666666666666, 0.6563666666666667, 0.6624, 0.6678444444444445, 0.6756444444444445, 0.6815888888888889, 0.6864222222222223, 0.6938333333333333], 'val_loss': [1.8731613621817695, 1.8012925340652466, 1.6789194120619033, 1.4921629929648506, 1.5548626172807483, 1.3584293855879042, 1.405021967400445, 1.4181105335659452, 1.256547810681661, 1.2140447802861531, 1.1901204658084445, 1.295358526081509, 1.2884059833420647, 1.188185399670071, 1.1820398276117112, 1.18164813202752, 1.1399568829112583, 1.107346379407247, 1.1350203181902567, 1.1171292256037395, 1.1273867966651916, 1.132159299850464, 1.1304741854455735, 1.1185492441389295, 1.1345068723678589, 1.1451941750208536, 1.2017233799192641], 'val_acc': [0.2969777777777778, 0.3241888888888889, 0.3771, 0.44435555555555556, 0.41683333333333333, 0.49743333333333334, 0.48923333333333335, 0.4745888888888889, 0.5385666666666666, 0.5536555555555556, 0.5609, 0.5283777777777777, 0.5284777777777778, 0.5733444444444444, 0.5723, 0.5794333333333334, 0.5815111111111111, 0.6004888888888888, 0.5897333333333333, 0.5954666666666667, 0.597, 0.6061222222222222, 0.5990222222222222, 0.6051777777777778, 0.6000333333333333, 0.5999888888888889, 0.5906666666666667]}",27,0.6811732053756714,0.6748888492584229,0.673685610294342,0.6748889088630676
xception,1,128,sgd,0.01,0.0,none,0.0,"{'epoch': [1, 2, 3, 4, 5, 6, 7, 8, 9, 10, 11, 12, 13, 14], 'train_loss': [1.7069231886757745, 1.4823734119415284, 1.3461384312735662, 1.2539349002202351, 1.1970518123202853, 1.1382597346411811, 1.0935616690105863, 1.048464517127143, 1.0119800820244682, 0.9725854081683689, 0.9404972668329875, 0.9042032212946151, 0.873650061776903, 0.8498574745390151], 'train_acc': [0.3746777777777778, 0.4530666666666667, 0.5027666666666667, 0.5396222222222222, 0.5629, 0.5847111111111111, 0.6009777777777778, 0.6191444444444445, 0.6323777777777778, 0.6457666666666667, 0.6596111111111111, 0.6710888888888888, 0.6828444444444445, 0.6922333333333334], 'val_loss': [1.516459072833591, 1.4867973498238458, 1.3359906993548076, 1.2784145997153389, 1.32936280286577, 1.2284567443211873, 1.170984014585283, 1.1483758432812161, 1.152464879205492, 1.1325998782899644, 1.1427988632308113, 1.2208583411746554, 1.1977976615481907, 1.2166099298477173], 'val_acc': [0.4451111111111111, 0.44533333333333336, 0.5024888888888889, 0.5344666666666666, 0.5154777777777778, 0.5541666666666667, 0.5731222222222222, 0.5921888888888889, 0.5846555555555556, 0.5914, 0.5888111111111111, 0.5753111111111111, 0.5888555555555556, 0.5850333333333333]}",14,0.680220365524292,0.6691111326217651,0.6664655208587646,0.6691111326217651
xception,1,64,adam,0.001,0.0,none,0.0,"{'epoch': [1, 2, 3, 4, 5, 6, 7, 8, 9, 10, 11, 12, 13, 14, 15], 'train_loss': [1.6603263054529827, 1.5137660260518393, 1.321015213309394, 1.2196834655125937, 1.150115789688958, 1.0827802707248264, 1.030378846560584, 0.9732623952441746, 0.9242317987230089, 0.8741129486295912, 0.8226898657798767, 0.7779254668871561, 0.730423776849111, 0.6851027965121799, 0.6395322970178392], 'train_acc': [0.3931777777777778, 0.4391, 0.5099333333333333, 0.5524777777777777, 0.5811555555555555, 0.6045888888888888, 0.6239, 0.6450888888888889, 0.6636333333333333, 0.6818888888888889, 0.7007222222222222, 0.7175333333333334, 0.7340555555555556, 0.7489, 0.7687555555555555], 'val_loss': [1.5306611810684203, 1.5168787875705294, 1.298428735309177, 1.1973942622290716, 1.1841742439693874, 1.1762697517183092, 1.1624852184825474, 1.1084986184014214, 1.100861942683326, 1.087797807852427, 1.06902772298389, 1.099335592699051, 1.1114443945672776, 1.1673855925559997, 1.1814278317107094], 'val_acc': [0.44804444444444447, 0.4583777777777778, 0.5241444444444444, 0.5611, 0.5694222222222223, 0.5773777777777778, 0.5820666666666666, 0.6026222222222222, 0.6083777777777778, 0.6102444444444445, 0.6244666666666666, 0.6236666666666667, 0.6256111111111111, 0.6093333333333333, 0.6125444444444444]}",15,0.7068046927452087,0.6904444694519043,0.6932385563850403,0.6904444694519043
xception,1,128,sgd,0.1,0.0,none,0.0,"{'epoch': [1, 2, 3, 4, 5, 6, 7, 8, 9, 10, 11, 12, 13, 14, 15, 16, 17, 18, 19, 20, 21, 22, 23], 'train_loss': [2.2644778391944036, 1.9102116413116454, 1.6937299938837687, 1.5969985862520006, 1.5215781950844658, 1.4548496767891779, 1.392342565451728, 1.3354561812506782, 1.2903649365319145, 1.24665779999627, 1.2000561415990194, 1.1698316261821322, 1.130541410806444, 1.100815623304579, 1.0624046389791701, 1.0235387281205919, 0.9943311771180895, 0.9621176927778456, 0.9337849204593235, 0.8980272745450337, 0.8697763777891795, 0.8372575550397238, 0.8055555001205869], 'train_acc': [0.24788888888888888, 0.28071111111111113, 0.3730222222222222, 0.4094, 0.4375222222222222, 0.46465555555555554, 0.48914444444444444, 0.5109555555555556, 0.5286777777777778, 0.5446, 0.5622888888888888, 0.5736777777777777, 0.5891666666666666, 0.5989555555555556, 0.6124111111111111, 0.6260222222222223, 0.6395333333333333, 0.6502888888888889, 0.6615666666666666, 0.6723111111111111, 0.6821111111111111, 0.6947777777777778, 0.7062444444444445], 'val_loss': [2.11925511809455, 1.827180172284444, 1.6571139066908094, 1.6187868661880493, 1.540410811530219, 1.492792388449775, 1.3821590032365587, 1.34257100215488, 1.3456665215174357, 1.302768630133735, 1.2755906342612373, 1.2445873043484157, 1.2562777059872945, 1.2534322019365098, 1.2866095181994968, 1.207118736023373, 1.1877625876956517, 1.2683246024449666, 1.1872852057351007, 1.2206898048188952, 1.2169467831823562, 1.2063848175790575, 1.247356565475464], 'val_acc': [0.31244444444444447, 0.3242555555555556, 0.3857, 0.4110333333333333, 0.4255111111111111, 0.4529111111111111, 0.4914222222222222, 0.5094444444444445, 0.5073222222222222, 0.5310555555555555, 0.5354888888888889, 0.5500666666666667, 0.5491888888888888, 0.5489111111111111, 0.5436222222222222, 0.5714888888888889, 0.5742222222222222, 0.5539222222222222, 0.5845444444444444, 0.5724666666666667, 0.5864, 0.5809, 0.5812]}",23,0.651360273361206,0.6475555896759033,0.6464030742645264,0.6475555300712585
xception,1,64,adam,0.01,0.0,none,0.0,"{'epoch': [1, 2, 3, 4, 5, 6, 7, 8, 9, 10, 11, 12, 13, 14, 15, 16, 17, 18, 19, 20, 21, 22, 23, 24, 25, 26, 27, 28, 29, 30], 'train_loss': [1.9711481326209175, 1.7022572963502671, 1.5495920449998644, 1.4611794402016534, 1.3957954636891683, 1.346382568274604, 1.306389759487576, 1.276893579949273, 1.2445771421220568, 1.2238626263300578, 1.199143950229221, 1.17808471376631, 1.154456759791904, 1.1366193749109903, 1.1233715620252822, 1.1096174855762058, 1.0923631731033325, 1.0807443314658272, 1.07104753458235, 1.0567455943107604, 1.0427032741016813, 1.0303841220431857, 1.020489236799876, 1.0091275816811456, 0.9947621293067932, 0.9881491044998169, 0.9780977277331883, 0.9640429281446669, 0.9641197315427992, 0.9471756321165297], 'train_acc': [0.27414444444444447, 0.3514777777777778, 0.4151, 0.45464444444444446, 0.48096666666666665, 0.5001222222222222, 0.5163555555555556, 0.5308222222222222, 0.5440888888888888, 0.5515111111111111, 0.5618222222222222, 0.5693777777777778, 0.5800444444444445, 0.5855666666666667, 0.5931111111111111, 0.5970666666666666, 0.6030777777777778, 0.6063555555555555, 0.6134, 0.6147222222222222, 0.6231666666666666, 0.6284777777777778, 0.6305777777777778, 0.6351333333333333, 0.6420555555555556, 0.6441111111111111, 0.6466, 0.6534, 0.6523, 0.6593777777777777], 'val_loss': [1.7344689747280544, 1.6845627130084568, 1.5161730527242026, 1.4679425308227538, 1.3844788202497693, 1.3490091915978326, 1.37679720026652, 1.2524166687859428, 1.2776173880047268, 1.2600337927500407, 1.25948575852712, 1.2420357336362202, 1.182147419081794, 1.2309326246261596, 1.2640782954745822, 1.2360574420611063, 1.1671398123423258, 1.173017578177982, 1.2256449595769245, 1.194424842092726, 1.1560823498408, 1.2023098878648546, 1.137898261917962, 1.173116459332572, 1.1440971312099033, 1.1349607093493144, 1.1509685963948568, 1.1597124624888102, 1.1287585058371226, 1.1132213623894585], 'val_acc': [0.3535333333333333, 0.3648, 0.4289222222222222, 0.4665, 0.48356666666666664, 0.49746666666666667, 0.49083333333333334, 0.5385222222222222, 0.5299777777777778, 0.5333666666666667, 0.5405222222222222, 0.5520444444444444, 0.5707666666666666, 0.5520444444444444, 0.5446, 0.5533888888888889, 0.5739777777777778, 0.5793222222222222, 0.5619666666666666, 0.5803777777777778, 0.5865666666666667, 0.5731555555555555, 0.5936888888888889, 0.5809, 0.5883444444444444, 0.5904222222222222, 0.5915444444444444, 0.5916555555555556, 0.5941333333333333, 0.5988111111111111]}",30,0.6810567378997803,0.6608889102935791,0.6653777360916138,0.6608889102935791
xception,1,64,sgd,0.01,0.0,none,0.0,"{'epoch': [1, 2, 3, 4, 5, 6, 7, 8, 9, 10, 11, 12, 13, 14, 15, 16, 17], 'train_loss': [1.762924131902059, 1.4840190197202894, 1.3432554660373264, 1.2497351925108169, 1.1866395643446181, 1.128625464439392, 1.0828458014700149, 1.0391758731206258, 0.9957535195244683, 0.9574750719282362, 0.9219484250174629, 0.8888924967447916, 0.8543297082477146, 0.8203862470838759, 0.7910239975823297, 0.7665364304860433, 0.7366870913187663], 'train_acc': [0.36666666666666664, 0.45014444444444446, 0.5046333333333334, 0.5412333333333333, 0.5657222222222222, 0.5877888888888889, 0.6061, 0.6216777777777778, 0.6405666666666666, 0.6516555555555555, 0.6651333333333334, 0.6792888888888889, 0.6895777777777777, 0.7009222222222222, 0.7124222222222222, 0.7210111111111112, 0.7299444444444444], 'val_loss': [1.6231809185028077, 1.5854936050521002, 1.3042517284605237, 1.2294643657896254, 1.2206249730534025, 1.1963545521312289, 1.1784478113704258, 1.1388188669310675, 1.1099339990933736, 1.144857478152381, 1.1204266810946995, 1.1195283984502156, 1.0952680835405986, 1.1516314084159003, 1.1559379492282869, 1.1571004092799293, 1.1687388388580746], 'val_acc': [0.4431777777777778, 0.4337, 0.5230888888888889, 0.5528333333333333, 0.5540333333333334, 0.5629222222222222, 0.5754111111111111, 0.588, 0.6029666666666667, 0.5838333333333333, 0.5995777777777778, 0.6051111111111112, 0.6128888888888889, 0.6031888888888889, 0.6086444444444444, 0.5994555555555555, 0.6143444444444445]}",17,0.6921149492263794,0.6858888864517212,0.6806296706199646,0.6858888864517212
xception,1,64,sgd,0.1,0.0,none,0.0,"{'epoch': [1, 2, 3, 4, 5, 6, 7, 8, 9, 10, 11, 12, 13, 14, 15, 16, 17, 18, 19, 20, 21], 'train_loss': [2.304560647922092, 1.8675266745037502, 1.6813469735039606, 1.5817297616110908, 1.5138788927078246, 1.4453599073410035, 1.3880105119917128, 1.3314894812054103, 1.2886016083399454, 1.2429320338990952, 1.2109881791856554, 1.1725158419715034, 1.1428943429523044, 1.1134330047395493, 1.0793098099284701, 1.0488541746775308, 1.0191558837890624, 0.9908391998291015, 0.9623226114379035, 0.9343498687638176, 0.9100680408477784], 'train_acc': [0.24124444444444446, 0.30167777777777777, 0.3729777777777778, 0.4154777777777778, 0.4392888888888889, 0.4671666666666667, 0.4892888888888889, 0.5120555555555556, 0.5294222222222222, 0.5464777777777777, 0.5589888888888889, 0.5739111111111111, 0.5847111111111111, 0.5962333333333333, 0.6081, 0.6185444444444445, 0.6289666666666667, 0.6382222222222222, 0.6496666666666666, 0.6615555555555556, 0.6682], 'val_loss': [1.8697515083524916, 1.8912796915902033, 1.6418118782467312, 1.5712357855478922, 1.5040919402016533, 1.419916501850552, 1.3601402326371934, 1.3256557550854153, 1.3098284667544895, 1.3063027279218038, 1.2511496968163385, 1.2404011251979403, 1.2022773674752978, 1.2460107622570462, 1.2269485829671225, 1.2135201114760505, 1.1857680019802517, 1.1903683706177606, 1.2001975244734022, 1.2299031134234535, 1.2464993934207493], 'val_acc': [0.3040111111111111, 0.3082666666666667, 0.39132222222222224, 0.4225555555555556, 0.44282222222222223, 0.47275555555555554, 0.5021666666666667, 0.5097222222222222, 0.5274666666666666, 0.5230666666666667, 0.5456555555555556, 0.5515666666666666, 0.5631666666666667, 0.5423, 0.5546777777777778, 0.5598555555555556, 0.5736, 0.5804777777777778, 0.5797555555555556, 0.5722, 0.5778222222222222]}",21,0.6459797024726868,0.6416666507720947,0.6413034200668335,0.6416666507720947
xception,1,128,adam,0.001,0.0,none,0.0,"{'epoch': [1, 2, 3, 4, 5, 6, 7, 8, 9, 10, 11, 12, 13, 14, 15], 'train_loss': [1.6165882054858738, 1.6006662516276042, 1.3333645249260797, 1.2368410907321505, 1.1658851082695856, 1.093761230278015, 1.038467345099979, 0.9838807977040609, 0.9258347813394334, 0.8733904759936862, 0.8200264502631294, 0.7693541369650099, 0.7140664421399434, 0.6613491366704305, 0.6093884836832683], 'train_acc': [0.4054888888888889, 0.4043555555555556, 0.5067, 0.5437555555555555, 0.5729666666666666, 0.5977333333333333, 0.6222111111111112, 0.6419111111111111, 0.6626333333333333, 0.6816888888888889, 0.7037222222222222, 0.7200555555555556, 0.7411444444444445, 0.759, 0.7772555555555556], 'val_loss': [1.461970151816474, 1.5205471914079454, 1.3246677426338196, 1.239397255982293, 1.3458314677132501, 1.1384936013327704, 1.2276948631498548, 1.1134798457039727, 1.1685648151397705, 1.1277919678582085, 1.0939008704291449, 1.1237674084769356, 1.229425258784824, 1.2436958829667832, 1.300968660375807], 'val_acc': [0.4618555555555556, 0.43556666666666666, 0.5068444444444444, 0.5471222222222222, 0.5160777777777777, 0.588, 0.5589222222222222, 0.6043222222222222, 0.5983555555555555, 0.6015333333333334, 0.6159111111111111, 0.6101, 0.5999111111111111, 0.6036777777777778, 0.6099111111111111]}",15,0.6996492743492126,0.6819999814033508,0.6826547980308533,0.6819999814033508
xception,1,32,adam,0.001,0.0,l1,0.001,"{'epoch': [1, 2, 3, 4, 5, 6, 7, 8, 9, 10, 11, 12, 13, 14, 15, 16, 17, 18, 19], 'train_loss': [28.059336633131238, 4.427072736528185, 4.214862600962321, 4.1483557234022355, 4.114118491193984, 4.086962563578288, 4.06697983279758, 4.049158879513211, 4.041736719004313, 4.0322284226311575, 4.024891299947103, 4.017447424231635, 4.013133285352919, 4.007314720577664, 4.001622723727756, 3.9991361468844944, 3.995659852049086, 3.995991269938151, 3.9876001076168484], 'train_acc': [0.3031, 0.3436222222222222, 0.37494444444444447, 0.38776666666666665, 0.3961, 0.4083888888888889, 0.41286666666666666, 0.4221, 0.4254777777777778, 0.4298777777777778, 0.4307, 0.43748888888888887, 0.43677777777777776, 0.4393, 0.44324444444444444, 0.444, 0.4441888888888889, 0.44551111111111114, 0.4499888888888889], 'val_loss': [1.6988895685619778, 1.6244305555343628, 1.579999166255527, 1.591694707912869, 1.5974499056074354, 1.61011689192454, 1.5291557192696466, 1.501541524611579, 1.5232257689158122, 1.5127446495056152, 1.4996612294091118, 1.4725276324272156, 1.4779249092949762, 1.4677227719200983, 1.4469502405378554, 1.490700707658132, 1.4944742310206096, 1.5209478567335342, 1.4759865735795763], 'val_acc': [0.3485888888888889, 0.3820222222222222, 0.4036888888888889, 0.39137777777777777, 0.3964, 0.39497777777777776, 0.4251, 0.4304777777777778, 0.4377333333333333, 0.4262666666666667, 0.43814444444444445, 0.45004444444444447, 0.45035555555555556, 0.4494888888888889, 0.45693333333333336, 0.4414888888888889, 0.4401888888888889, 0.4321333333333333, 0.4494888888888889]}",19,0.49371233582496643,0.48955559730529785,0.4847434461116791,0.48955556750297546
xception,1,128,adam,0.1,0.0,none,0.0,"{'epoch': [1, 2, 3, 4, 5, 6], 'train_loss': [2.514374729792277, 2.30990204149882, 2.3083844523535832, 2.308503939480252, 2.3087264062245687, 2.3085936817593047], 'train_acc': [0.09894444444444445, 0.09961111111111111, 0.09995555555555556, 0.10076666666666667, 0.09991111111111112, 0.10214444444444444], 'val_loss': [2.3098290058983695, 2.30596247253418, 2.3094459309471977, 2.3097941402011446, 2.306372788535224, 2.3076266774071588], 'val_acc': [0.1, 0.1, 0.1, 0.1, 0.1, 0.1]}",6,0.009999999776482582,0.10000000149011612,0.01818181946873665,0.10000000149011612
xception,1,64,sgd,0.001,0.0,none,0.0,"{'epoch': [1, 2, 3, 4, 5, 6, 7, 8, 9, 10, 11, 12, 13, 14, 15, 16, 17], 'train_loss': [1.7806979299757215, 1.5874522271898057, 1.461577568160163, 1.375262260945638, 1.310614142756992, 1.2587940220514933, 1.2127496141645644, 1.170140306154887, 1.1355702477137248, 1.0981796385023328, 1.0683469019148084, 1.037539248922136, 1.0049298375659519, 0.9762530999925402, 0.9453912487665812, 0.9204723791546292, 0.8912188954883151], 'train_acc': [0.3408333333333333, 0.4104777777777778, 0.4613111111111111, 0.4931111111111111, 0.5203555555555556, 0.5394333333333333, 0.5572666666666667, 0.5730222222222222, 0.5867777777777777, 0.6010555555555556, 0.6125777777777778, 0.6237555555555555, 0.6336777777777778, 0.6455777777777778, 0.6573333333333333, 0.6682888888888889, 0.6771444444444444], 'val_loss': [1.6291325192981296, 1.573928622839186, 1.446625717438592, 1.3729231033325195, 1.3422852454821268, 1.3343989848030937, 1.2772091064665052, 1.2525947562323676, 1.2815161715189616, 1.2412757641050551, 1.248613352394104, 1.2396763227462768, 1.2238310055096944, 1.2480449334144592, 1.2457017847326066, 1.3108133511967128, 1.2476931651221381], 'val_acc': [0.4014888888888889, 0.4234888888888889, 0.4653777777777778, 0.4944777777777778, 0.5074333333333333, 0.5105444444444445, 0.5356777777777778, 0.5418888888888889, 0.5424111111111111, 0.5494333333333333, 0.5487888888888889, 0.5572222222222222, 0.5608333333333333, 0.5551555555555555, 0.5616222222222222, 0.5425555555555556, 0.5644555555555556]}",17,0.6466535329818726,0.6251111030578613,0.6249196529388428,0.6251111030578613
xception,1,32,adam,0.001,0.0,none,0.0,"{'epoch': [1, 2, 3, 4, 5, 6, 7, 8, 9, 10, 11, 12, 13, 14, 15], 'train_loss': [1.7464083034939235, 1.4759961835225424, 1.3354985083897908, 1.2401729995515611, 1.168284801059299, 1.1053833902570935, 1.0528866864416335, 1.0019463279724121, 0.9541348377545674, 0.9086259689648946, 0.8632810658031039, 0.8190906207402547, 0.7775038450453017, 0.7323602810064952, 0.6881758484840393], 'train_acc': [0.3609111111111111, 0.45008888888888887, 0.5069222222222223, 0.5444111111111111, 0.5727555555555556, 0.5957, 0.6161222222222222, 0.6359, 0.6558777777777778, 0.6692111111111111, 0.6868, 0.7026666666666667, 0.7173, 0.7351333333333333, 0.7500111111111111], 'val_loss': [1.6606077799373202, 1.3753465853903029, 1.2762669648859235, 1.2137425559096866, 1.1851395255830552, 1.176418049981859, 1.1334467346429824, 1.0799596225208707, 1.0753749527984195, 1.0707218238141802, 1.083550488811069, 1.1064413580324914, 1.0631629535992941, 1.0993195088167986, 1.1916184739536708], 'val_acc': [0.42386666666666667, 0.49141111111111113, 0.5286888888888889, 0.5557444444444445, 0.5667777777777778, 0.5718333333333333, 0.5868888888888889, 0.6122111111111112, 0.6160222222222222, 0.6173333333333333, 0.6196222222222222, 0.6217666666666667, 0.6258444444444444, 0.6226, 0.6118111111111111]}",15,0.712455689907074,0.7063333988189697,0.7036076784133911,0.706333339214325
xception,1,64,adam,0.1,0.0,none,0.0,"{'epoch': [1, 2, 3, 4, 5, 6, 7, 8, 9, 10, 11, 12, 13, 14, 15, 16, 17, 18, 19], 'train_loss': [2.4341487025790745, 2.311493264685737, 2.311217693456014, 2.311693138970269, 2.3116480101267496, 2.311386095767551, 2.3109873361375595, 2.3116965691036646, 2.3113941891988117, 2.3123538485633004, 2.3123062172783744, 2.311735622194078, 2.310886680899726, 2.3117560220506457, 2.311530745527479, 2.312155976655748, 2.3114696080949573, 2.311267801708645, 2.3111346224890816], 'train_acc': [0.10075555555555556, 0.09973333333333333, 0.09903333333333333, 0.09945555555555556, 0.09968888888888888, 0.10174444444444444, 0.0995888888888889, 0.10185555555555556, 0.10038888888888889, 0.09995555555555556, 0.09978888888888889, 0.10064444444444444, 0.10027777777777777, 0.1005888888888889, 0.10016666666666667, 0.1005888888888889, 0.10072222222222223, 0.10033333333333333, 0.10142222222222222], 'val_loss': [2.3177269052293568, 2.309298753229777, 2.3188913111368814, 2.3133138172573515, 2.3142869954427083, 2.308686948013306, 2.3163578266567653, 2.313699699189928, 2.316888355763753, 2.308365773561266, 2.3078295702616374, 2.3062154053582087, 2.311030745739407, 2.3094421630011666, 2.3059758907318115, 2.308431768078274, 2.3137022505866156, 2.309179687415229, 2.308916188812256], 'val_acc': [0.09968888888888888, 0.1, 0.1, 0.1, 0.1, 0.1, 0.1, 0.1, 0.1, 0.1, 0.1, 0.1, 0.1, 0.1, 0.1, 0.1, 0.1, 0.1, 0.1]}",19,0.009999999776482582,0.10000000149011612,0.01818181946873665,0.10000000149011612
xception,1,32,adam,0.001,0.3,none,0.0,"{'epoch': [1, 2, 3, 4, 5, 6, 7, 8, 9, 10, 11, 12, 13], 'train_loss': [1.8003745546976726, 1.49260871802436, 1.3427901872634889, 1.2476624180263942, 1.171912376636929, 1.112397078620063, 1.059072489759657, 1.0089197651545208, 0.9606145542674595, 0.913383437930213, 0.8706508628951178, 0.823583177863227, 0.7799022563722399], 'train_acc': [0.34936666666666666, 0.4418888888888889, 0.5009555555555556, 0.5421777777777778, 0.5712777777777778, 0.5929, 0.6126444444444444, 0.6310666666666667, 0.6531444444444444, 0.6683333333333333, 0.6833, 0.6996666666666667, 0.7146666666666667], 'val_loss': [1.616904184044732, 1.4143009160730573, 1.2908658699936337, 1.2267468029605018, 1.2072562437481351, 1.1444501083109113, 1.136395296663708, 1.0884943029032814, 1.0684655667834813, 1.087418577416738, 1.0757248776064978, 1.0718004202074474, 1.0833958395984438], 'val_acc': [0.4071222222222222, 0.46852222222222223, 0.5230777777777778, 0.5503111111111111, 0.5609333333333333, 0.5804777777777778, 0.5852444444444445, 0.6036111111111111, 0.6138777777777777, 0.6145111111111111, 0.6185, 0.6243, 0.6223555555555556]}",13,0.6981950998306274,0.6867777705192566,0.6863134503364563,0.6867777705192566
xception,1,32,adam,0.001,0.0,l2,0.001,"{'epoch': [1, 2, 3, 4, 5, 6, 7, 8, 9, 10, 11, 12], 'train_loss': [1.6833469503826566, 1.500523854298062, 1.383238982963562, 1.3343584057278104, 1.2984547955407038, 1.2750972947862413, 1.2517699722925821, 1.2334715031517876, 1.2209960906134711, 1.2083721243328518, 1.1985715600119697, 1.188544441572825], 'train_acc': [0.3746, 0.4395777777777778, 0.4860555555555556, 0.5079444444444444, 0.5195444444444445, 0.5295, 0.5371777777777778, 0.5449, 0.5515111111111111, 0.5555888888888889, 0.5593, 0.5637111111111112], 'val_loss': [1.4799598711013795, 1.464362707487742, 1.3564488805241055, 1.340356269200643, 1.31940799147288, 1.2749325096872117, 1.2562248497327169, 1.2112636572413975, 1.2150641641775768, 1.2317350394884745, 1.245539419746399, 1.236166819111506], 'val_acc': [0.4509666666666667, 0.45026666666666665, 0.4997111111111111, 0.5096777777777778, 0.5133222222222222, 0.5268666666666667, 0.5384333333333333, 0.5534777777777777, 0.5541, 0.5477111111111111, 0.5425555555555556, 0.5442222222222223]}",12,0.6274632811546326,0.6035555601119995,0.6054232120513916,0.6035555601119995
xception,1,128,sgd,0.001,0.0,none,0.0,"{'epoch': [1, 2, 3, 4, 5, 6, 7, 8, 9, 10, 11, 12, 13, 14, 15, 16, 17, 18, 19, 20, 21], 'train_loss': [1.8361435091230605, 1.6458474308437772, 1.52929878493415, 1.4547424198998344, 1.392283247227139, 1.3434618091583252, 1.2990979903115167, 1.2589504734251233, 1.2242393493440415, 1.1920942894193862, 1.1579375261306764, 1.1261636357943217, 1.0979622139400906, 1.071027350785997, 1.0426368078231811, 1.0172500855551825, 0.9954736899269951, 0.9634553616205851, 0.9380094205008612, 0.9198752742979261, 0.8848732529534233], 'train_acc': [0.31803333333333333, 0.39185555555555557, 0.43535555555555555, 0.4663333333333333, 0.4880555555555556, 0.5071555555555556, 0.5243, 0.5409, 0.5520666666666667, 0.5673444444444444, 0.5795111111111111, 0.5915777777777778, 0.6015111111111111, 0.6100888888888889, 0.6239333333333333, 0.6321222222222223, 0.6384333333333333, 0.6501555555555556, 0.6593666666666667, 0.6680333333333334, 0.6788333333333333], 'val_loss': [1.687139011171129, 1.662368470064799, 1.509414315340254, 1.4577376444922554, 1.4444031980514527, 1.3880043797704908, 1.4023691268497043, 1.3390214078267415, 1.3669264518737794, 1.3259914938608806, 1.3407921065542432, 1.3347763936148749, 1.3289312457402547, 1.320186499150594, 1.3947199468188816, 1.3298219994015164, 1.3165856375588312, 1.3656652351591323, 1.331184118631151, 1.361560026915868, 1.3538990335676404], 'val_acc': [0.3749, 0.3919111111111111, 0.44224444444444444, 0.46721111111111113, 0.46992222222222224, 0.4931333333333333, 0.4912666666666667, 0.5119777777777778, 0.5016555555555555, 0.5211444444444444, 0.5112555555555556, 0.5222, 0.5238, 0.5286777777777778, 0.5182, 0.5327111111111111, 0.5371222222222222, 0.5218111111111111, 0.5431555555555555, 0.5291222222222223, 0.5406444444444445]}",21,0.605750322341919,0.5968888998031616,0.5909626483917236,0.5968888998031616
xception,1,32,adam,0.001,0.5,none,0.0,"{'epoch': [1, 2, 3, 4, 5, 6, 7, 8, 9, 10, 11, 12, 13, 14, 15, 16, 17], 'train_loss': [1.8279464029524062, 1.4808678407457139, 1.3342111819585165, 1.241817147424486, 1.1669857177522447, 1.1022593349032932, 1.0492883194499545, 0.9986043578783671, 0.9514587512228224, 0.9052178096877204, 0.8599521366861131, 0.8158903356605106, 0.7707182953092787, 0.7301413285626306, 0.6818679764164819, 0.6500499153349135, 0.6047192916870118], 'train_acc': [0.3411888888888889, 0.4477111111111111, 0.5072777777777778, 0.5448555555555555, 0.5756888888888889, 0.5971777777777778, 0.618, 0.6369444444444444, 0.6542666666666667, 0.6712222222222223, 0.6869222222222222, 0.7065222222222223, 0.7206333333333333, 0.7363111111111111, 0.7525, 0.7629, 0.7806777777777778], 'val_loss': [1.5380601020177205, 1.4159054292096032, 1.301741658284929, 1.2092602937380472, 1.2087424698193867, 1.1596620959652795, 1.13956977230178, 1.0823209235191344, 1.1056639001104567, 1.082534918530782, 1.1038830694569481, 1.082786153957579, 1.0557970065805646, 1.0985719792339537, 1.151743351836337, 1.2036459977044, 1.114195531579521], 'val_acc': [0.44224444444444444, 0.4724888888888889, 0.5232777777777777, 0.5553777777777777, 0.5578555555555555, 0.5732888888888888, 0.5817555555555556, 0.6104888888888889, 0.6055, 0.6120777777777778, 0.6075, 0.6210444444444444, 0.6296333333333334, 0.6166777777777778, 0.6223555555555556, 0.6124111111111111, 0.6292777777777778]}",17,0.7078061103820801,0.7075555324554443,0.7045811414718628,0.7075555324554443
resnet50,1,64,adam,0.1,0.0,none,0.0,,,,,,
efficientnetb4,1,64,adam,0.1,0.0,none,0.0,,,,,,
efficientnetb4,1,64,sgd,0.01,0.0,none,0.0,,,,,,
efficientnetb4,1,64,sgd,0.001,0.0,none,0.0,,,,,,
efficientnetb4,1,128,sgd,0.001,0.0,none,0.0,,,,,,
efficientnetb4,1,128,adam,0.01,0.0,none,0.0,,,,,,
efficientnetb4,1,128,adam,0.1,0.0,none,0.0,,,,,,
resnet50,1,128,adam,0.01,0.0,none,0.0,"{'epoch': [1, 2, 3, 4, 5, 6, 7, 8, 9, 10, 11, 12, 13, 14, 15, 16, 17, 18], 'train_loss': [1.91971787109375, 1.61746966158549, 1.404686588329739, 1.286012263806661, 1.1920925317764282, 1.1166608530256483, 1.048041285419464, 0.9875777219348484, 0.9222501589245267, 0.8660190142419603, 0.8052596673223708, 0.7512527322875129, 0.6870714549435509, 0.6235095229784647, 0.5688417790836758, 0.5027521244896783, 0.4571380971696642, 0.40150052625868055], 'train_acc': [0.29646666666666666, 0.3941, 0.4787, 0.5267222222222222, 0.5641, 0.5938111111111111, 0.6177, 0.6412888888888889, 0.6657111111111111, 0.6854, 0.7087333333333333, 0.7276777777777778, 0.7505333333333334, 0.7730222222222223, 0.7930555555555555, 0.8174555555555556, 0.8337333333333333, 0.8542666666666666], 'val_loss': [1.7409549683464898, 1.5689533405727811, 1.3507272160212198, 1.2802516355726454, 1.186092763519287, 1.1882792888058555, 1.1596203153822158, 1.095693619855245, 1.019736423110962, 1.0290240060594347, 1.0585198336813184, 1.110366013595793, 1.0766073052512275, 1.0717554177231259, 1.122990066962772, 1.1306526469972398, 1.212705331378513, 1.3065237867779202], 'val_acc': [0.36473333333333335, 0.4190333333333333, 0.5010888888888889, 0.5276444444444445, 0.5687777777777778, 0.5670222222222222, 0.5807111111111111, 0.6090444444444445, 0.6316111111111111, 0.6349444444444444, 0.6243333333333333, 0.6237222222222222, 0.6362333333333333, 0.6342111111111111, 0.6390666666666667, 0.6433111111111111, 0.6423111111111112, 0.6416555555555555]}",18,0.7270737886428833,0.7207777500152588,0.7213667035102844,0.7207777500152588
resnet50,1,64,adam,0.001,0.0,l2,0.001,"{'epoch': [1, 2, 3, 4, 5, 6, 7, 8, 9, 10, 11, 12, 13, 14, 15, 16, 17, 18, 19, 20, 21, 22, 23, 24, 25, 26, 27, 28, 29, 30], 'train_loss': [1.5840508012983534, 1.9330259972042507, 1.7412472454918755, 1.7010914615631103, 1.6769878200531005, 1.6599344137615628, 1.6330091446558634, 1.5962652303059897, 1.5553794532140095, 1.5184999695036145, 1.4825001686520047, 1.4575356487909952, 1.435019482421875, 1.4183192820654975, 1.400257745827569, 1.384812401453654, 1.37323464779324, 1.3674100951512655, 1.3511312443203396, 1.3420370239681667, 1.3323459575229222, 1.3245653473112318, 1.3191693331612482, 1.3132282543606228, 1.308073838467068, 1.3018294929080538, 1.2976989895290798, 1.2941900657653809, 1.2885655342102051, 1.2841694636450873], 'train_acc': [0.41254444444444444, 0.2745888888888889, 0.3332333333333333, 0.35104444444444444, 0.3609, 0.3703444444444444, 0.3834666666666667, 0.39655555555555555, 0.4152777777777778, 0.429, 0.44433333333333336, 0.4569888888888889, 0.4664111111111111, 0.4716111111111111, 0.4797, 0.4860333333333333, 0.49174444444444443, 0.4937888888888889, 0.5014555555555555, 0.5022555555555556, 0.5090555555555556, 0.5116777777777778, 0.5130333333333333, 0.5162555555555556, 0.5186222222222222, 0.5186333333333333, 0.5216111111111111, 0.5240666666666667, 0.5257111111111111, 0.5275222222222222], 'val_loss': [1.762064136536916, 1.7818673057556151, 1.8114349090152317, 1.67605246541765, 1.6592012437608508, 1.6480373669306436, 1.6259956386566161, 1.6030173258675469, 1.5492530638800728, 1.5309761839548748, 1.4592717505560981, 1.4516509525299073, 1.5167446991390652, 1.42489869234297, 1.4143514789793226, 1.3759671720716689, 1.3802580966525608, 1.3976744677437676, 1.3576251871320937, 1.3566247969097562, 1.3740371681637233, 1.341689622921414, 1.3614034459431965, 1.3288907683054607, 1.3091800368626914, 1.3043881084865994, 1.355635121875339, 1.2945713698705037, 1.3139095110787287, 1.3337433429718017], 'val_acc': [0.38918888888888886, 0.32245555555555555, 0.32647777777777776, 0.3596, 0.37294444444444447, 0.37566666666666665, 0.3831111111111111, 0.3920888888888889, 0.4162222222222222, 0.4225555555555556, 0.45295555555555556, 0.4542555555555556, 0.44193333333333334, 0.4683777777777778, 0.48115555555555556, 0.4934222222222222, 0.4898, 0.47705555555555557, 0.49737777777777775, 0.4975333333333333, 0.4916111111111111, 0.5032777777777778, 0.49241111111111113, 0.5105666666666666, 0.5135, 0.5178666666666667, 0.5053333333333333, 0.5216444444444445, 0.5141666666666667, 0.5125111111111111]}",30,0.6138468980789185,0.5692222118377686,0.5744159817695618,0.5692222118377686
resnet50,1,64,adam,0.001,0.5,none,0.0,"{'epoch': [1, 2, 3, 4, 5, 6, 7, 8, 9, 10, 11], 'train_loss': [1.5797835118187797, 1.2935165857103137, 1.0789565388149684, 0.9503181019888984, 0.8305686934365166, 0.7153242180294461, 0.6004181554794311, 0.4878358636114332, 0.3885959844695197, 0.3111021504826016, 0.25081919718583423], 'train_acc': [0.4250888888888889, 0.5215222222222222, 0.6072333333333333, 0.6561222222222223, 0.7005777777777777, 0.7416, 0.7824555555555556, 0.8226555555555556, 0.8591444444444445, 0.8880111111111111, 0.9100888888888888], 'val_loss': [1.6028312340312534, 1.1472222479396397, 1.028302310901218, 0.9843378945032756, 0.8996353152592977, 0.9211270726097954, 0.8882557082394759, 0.9326047535234028, 1.0057586173905266, 1.0983717900117238, 1.139781640709771], 'val_acc': [0.4673777777777778, 0.5840666666666666, 0.6298111111111111, 0.6449333333333334, 0.6784, 0.6743111111111111, 0.6983222222222222, 0.6838777777777778, 0.6935222222222223, 0.6871333333333334, 0.6860666666666667]}",11,0.8080784678459167,0.7978888750076294,0.7999441623687744,0.7978888750076294
resnet50,1,64,adam,0.001,0.0,none,0.0,"{'epoch': [1, 2, 3, 4, 5, 6, 7, 8, 9, 10], 'train_loss': [1.517422417026096, 1.3013391602728102, 1.0900177698347304, 0.9608641574647692, 0.8397399777200487, 0.7267897109985352, 0.6081062790764703, 0.4934752486652798, 0.3874291070567237, 0.2982203324476878], 'train_acc': [0.4422111111111111, 0.5203, 0.6017111111111111, 0.6497111111111111, 0.6971666666666667, 0.7371777777777778, 0.7793222222222222, 0.8223, 0.8602888888888889, 0.8916333333333334], 'val_loss': [1.3959358522521126, 1.262808658472697, 1.1360437642150456, 1.012751232624054, 0.92199877026346, 0.8753133699364133, 0.8842351302835676, 0.9232682370556725, 1.0070681895044116, 1.1607847247653538], 'val_acc': [0.49985555555555555, 0.5453555555555556, 0.5969888888888889, 0.6383888888888889, 0.6718666666666666, 0.6916555555555556, 0.6916333333333333, 0.697, 0.6919111111111111, 0.6728444444444445]}",10,0.7934929132461548,0.7894444465637207,0.7895315885543823,0.7894444465637207
resnet50,1,64,sgd,0.1,0.0,none,0.0,"{'epoch': [1, 2, 3, 4, 5, 6, 7, 8, 9, 10, 11, 12, 13, 14, 15, 16, 17, 18, 19], 'train_loss': [2.3605289692984686, 1.800701322195265, 1.679057853105333, 1.594382383770413, 1.5095693457709418, 1.4249602539486355, 1.3496661448372735, 1.2770296481026544, 1.2087912575191921, 1.1527296009911432, 1.0959607908884683, 1.043025580745273, 0.9961246846305, 0.9512776757558187, 0.9042164387702942, 0.8582546786202325, 0.8130061600579156, 0.7732447507487403, 0.7227104611025916], 'train_acc': [0.18988888888888888, 0.3167, 0.3689777777777778, 0.4025111111111111, 0.4388444444444444, 0.4735888888888889, 0.5038333333333334, 0.5310222222222222, 0.5595555555555556, 0.5812666666666667, 0.6013, 0.6244333333333333, 0.6405555555555555, 0.6551888888888889, 0.6731444444444444, 0.6887444444444445, 0.7064222222222222, 0.7208555555555556, 0.7398555555555556], 'val_loss': [1.863267081260681, 1.7722643801583184, 1.760072030321757, 1.5290572143766614, 1.4771345748901368, 1.387566903008355, 1.3706994158850776, 1.2931586068259344, 1.2182267404768201, 1.206369627708859, 1.171970370748308, 1.1464937589115567, 1.1013170247183905, 1.1068287728309631, 1.0600593155437046, 1.0856089488771226, 1.102976015806198, 1.136183814493815, 1.125034881295098], 'val_acc': [0.2788111111111111, 0.33665555555555554, 0.3590111111111111, 0.4292222222222222, 0.4573333333333333, 0.4887222222222222, 0.4936888888888889, 0.5267777777777778, 0.5541777777777778, 0.5646333333333333, 0.5797333333333333, 0.5879333333333333, 0.6021666666666666, 0.6052555555555555, 0.6177555555555555, 0.6176222222222222, 0.6144333333333334, 0.6149777777777777, 0.6226111111111111]}",19,0.7022594809532166,0.6926666498184204,0.6921215057373047,0.6926666498184204
resnet50,1,64,adam,0.001,0.3,none,0.0,"{'epoch': [1, 2, 3, 4, 5, 6, 7, 8, 9, 10, 11], 'train_loss': [1.5345454264746772, 1.6398206535127429, 1.2626066020117865, 1.1022423263337877, 0.981507513279385, 0.8738967619154189, 0.7661648165173001, 0.6546740659819709, 0.5428275264104208, 0.4433939957300822, 0.35054922199779087], 'train_acc': [0.43645555555555554, 0.3824111111111111, 0.5317444444444445, 0.5952444444444445, 0.6418111111111111, 0.6839, 0.7221666666666666, 0.7630777777777777, 0.8042111111111111, 0.8387555555555556, 0.8737111111111111], 'val_loss': [1.6236573575496673, 1.3750715443929036, 1.2102353635258145, 1.0913378445625306, 1.025625977865855, 0.9750159509923723, 0.9302339537726508, 0.956968200302124, 1.0250784004158444, 1.0784451798174117, 1.1775032078478072], 'val_acc': [0.4450777777777778, 0.4842444444444444, 0.5530111111111111, 0.6024555555555555, 0.6332777777777778, 0.6506, 0.6695666666666666, 0.6655777777777778, 0.6599111111111111, 0.6674111111111111, 0.6696888888888889]}",11,0.7692815065383911,0.7509999871253967,0.7546133995056152,0.7509999871253967
resnet50,1,64,sgd,0.001,0.0,none,0.0,"{'epoch': [1, 2, 3, 4, 5, 6, 7, 8, 9, 10, 11, 12, 13, 14, 15, 16, 17, 18], 'train_loss': [1.9295998002582126, 1.7115951880137126, 1.5548820464664035, 1.4535209094789292, 1.3799504059049819, 1.3083418861601088, 1.2462759147220188, 1.1869818270789252, 1.1279928071127998, 1.0757219086752998, 1.025007620493571, 0.9710284960640801, 0.9179475429217021, 0.868257573223114, 0.8135289120144314, 0.7613580977121989, 0.7051910583813985, 0.655930632962121], 'train_acc': [0.2785888888888889, 0.35855555555555557, 0.4188222222222222, 0.4579888888888889, 0.4883777777777778, 0.5168111111111111, 0.5410222222222222, 0.5646222222222222, 0.5892555555555555, 0.6094555555555555, 0.6268888888888889, 0.6490888888888889, 0.6676555555555556, 0.6849555555555555, 0.7047111111111111, 0.7253888888888889, 0.7449555555555556, 0.7627], 'val_loss': [1.7318942600462173, 1.6611103543599446, 1.4945759664853413, 1.4414762129677667, 1.3719427728335063, 1.3342468975702921, 1.3156961977322896, 1.2352270299275716, 1.230229988172319, 1.197250546974606, 1.1568271389537388, 1.1268067325380113, 1.120032815472285, 1.1022861619737414, 1.174121234732204, 1.1439732428020901, 1.2004834194607206, 1.1960712202707926], 'val_acc': [0.35138888888888886, 0.3793666666666667, 0.4406111111111111, 0.4665666666666667, 0.4925888888888889, 0.5111, 0.5192888888888889, 0.5513888888888889, 0.5533666666666667, 0.5669444444444445, 0.5859333333333333, 0.5947777777777777, 0.5988222222222223, 0.6084333333333334, 0.5944111111111111, 0.6024222222222222, 0.5895888888888889, 0.6055666666666667]}",18,0.6971675157546997,0.6856666803359985,0.687240481376648,0.6856666803359985
resnet50,1,128,adam,0.1,0.0,none,0.0,"{'epoch': [1, 2, 3, 4, 5], 'train_loss': [2.4677996048821345, 590314081.4604126, 2.317072219276428, 2.2114528584374322, 2.171171019066705], 'train_acc': [0.23592222222222223, 0.1213111111111111, 0.1695, 0.19263333333333332, 0.20554444444444445], 'val_loss': [2.044027759085761, 2.4039599421395197, 2.2509765319824218, 2.3633497951931424, 2.3865014673338996], 'val_acc': [0.24757777777777779, 0.16192222222222222, 0.18822222222222224, 0.17726666666666666, 0.16663333333333333]}",5,0.23195970058441162,0.24977777898311615,0.19824546575546265,0.24977777898311615
resnet50,1,256,sgd,0.001,0.0,none,0.0,"{'epoch': [1, 2, 3, 4, 5, 6, 7, 8, 9, 10, 11, 12, 13, 14, 15, 16, 17, 18, 19, 20, 21, 22, 23, 24], 'train_loss': [2.065539166302151, 1.8571665756861369, 1.7278514744228788, 1.6515464836968317, 1.5763286415312026, 1.5228940115610758, 1.468873135693868, 1.4264584363513522, 1.386205222638448, 1.3476657614813912, 1.3036800421608818, 1.268342407989502, 1.233421160973443, 1.1953965188768174, 1.166674604649014, 1.120776586235894, 1.098706859758165, 1.0590166128794352, 1.0262530013826159, 1.0003658941904703, 0.9600876746495565, 0.9312997374958463, 0.9018951721615261, 0.8553856196085612], 'train_acc': [0.21625555555555556, 0.2972888888888889, 0.35236666666666666, 0.38304444444444447, 0.41331111111111113, 0.43446666666666667, 0.45494444444444443, 0.4701666666666667, 0.4863, 0.5042333333333333, 0.5204333333333333, 0.5339333333333334, 0.5497555555555556, 0.562, 0.5735111111111111, 0.5912111111111111, 0.6017666666666667, 0.6154888888888889, 0.6285888888888889, 0.6393555555555556, 0.6551444444444444, 0.6628888888888889, 0.6752555555555556, 0.6918], 'val_loss': [1.9016220349205866, 1.7457125507354736, 1.6795423649046155, 1.6392778977500069, 1.5612562757703994, 1.5226864471435546, 1.4634377137713963, 1.4254561875873142, 1.412184067132738, 1.3768334974500869, 1.365304250187344, 1.328203312555949, 1.3170036794980367, 1.2594750943925646, 1.2391396111806234, 1.2346412419637045, 1.2137837086147731, 1.2886321192423502, 1.3407072376675075, 1.1896090932422214, 1.289809750588735, 1.2259075635062324, 1.2523122660530939, 1.2627437805811563], 'val_acc': [0.27997777777777777, 0.34321111111111113, 0.3648, 0.39263333333333333, 0.4231111111111111, 0.4351111111111111, 0.4529444444444444, 0.4748777777777778, 0.47134444444444445, 0.49095555555555553, 0.5010888888888889, 0.5126111111111111, 0.5210888888888889, 0.5391888888888889, 0.5500666666666667, 0.5519666666666667, 0.5600666666666667, 0.5373888888888889, 0.5288333333333334, 0.5720666666666666, 0.5465666666666666, 0.5686333333333333, 0.5566111111111111, 0.5639222222222222]}",24,0.6436625719070435,0.6305555701255798,0.6286789774894714,0.6305555701255798
resnet50,1,64,adam,0.01,0.0,none,0.0,"{'epoch': [1, 2, 3, 4, 5, 6, 7, 8, 9, 10, 11, 12, 13, 14, 15], 'train_loss': [1.8570050761964587, 1.700953136613634, 1.4183676463445027, 1.2973359614478217, 1.2120561782201131, 1.14353665438758, 1.0864353462643093, 1.0333066355599296, 0.9821029803805881, 0.9312658378813001, 0.8918033298492432, 0.8447842865837945, 0.7978264558156332, 0.7594682463328044, 0.7220042377789815], 'train_acc': [0.32695555555555555, 0.35133333333333333, 0.47204444444444443, 0.5206222222222222, 0.5541222222222222, 0.5814333333333334, 0.6028, 0.6236333333333334, 0.6431444444444444, 0.6630444444444444, 0.6763333333333333, 0.6933333333333334, 0.7117444444444444, 0.7254666666666667, 0.7369222222222223], 'val_loss': [1.4537993662940132, 1.5304398924721612, 1.441555032073127, 1.2686646773868138, 1.2363315062204996, 1.1547360698805915, 1.215583597776625, 1.0692547462940216, 1.0952657752831776, 1.1063714972813925, 1.03629159611596, 1.0830988426658843, 1.117496391084459, 1.1425634039031134, 1.1139792409949834], 'val_acc': [0.46055555555555555, 0.4261666666666667, 0.4765888888888889, 0.5286777777777778, 0.5486222222222222, 0.5777333333333333, 0.5570555555555555, 0.6110888888888889, 0.6044666666666667, 0.6052222222222222, 0.6273111111111112, 0.6181222222222222, 0.6149888888888889, 0.6138777777777777, 0.6251444444444444]}",15,0.7239398956298828,0.710444450378418,0.7123913168907166,0.710444450378418
resnet50,1,256,adam,0.01,0.0,none,0.0,"{'epoch': [1, 2, 3, 4, 5, 6, 7, 8, 9, 10, 11, 12, 13, 14, 15], 'train_loss': [2.1005067606396146, 2.082545421303643, 1.7679157125473022, 1.6365321580674914, 1.501098664771186, 1.3915416296641032, 1.306962399927775, 1.2384619668112862, 1.1791610983106826, 1.1247600838873122, 1.070412807337443, 1.0150650528589884, 0.9615837562561035, 0.8977130045255025, 0.8352258271429274], 'train_acc': [0.2321, 0.21562222222222222, 0.33476666666666666, 0.3878, 0.44432222222222223, 0.48684444444444447, 0.5210444444444444, 0.5478777777777778, 0.5673444444444444, 0.5891, 0.6108, 0.6311333333333333, 0.6489444444444444, 0.6725888888888889, 0.6972777777777778], 'val_loss': [1.8216069995880126, 1.8334162161721124, 1.7157731362660726, 1.560962400839064, 1.4348287858963014, 1.4012794405407376, 1.3077069836510553, 1.2802613740179274, 1.2486395441055298, 1.1903123414993286, 1.1727341557184856, 1.1799341758092246, 1.1800921097013686, 1.209664021513197, 1.231084566031562], 'val_acc': [0.3084777777777778, 0.3002111111111111, 0.36167777777777776, 0.4196888888888889, 0.47365555555555555, 0.4868777777777778, 0.5224, 0.5303333333333333, 0.5441333333333334, 0.5686777777777777, 0.5761222222222222, 0.5806333333333333, 0.5839444444444445, 0.5778555555555556, 0.5819222222222222]}",15,0.6725561618804932,0.663444459438324,0.6645707488059998,0.663444459438324
resnet50,1,64,sgd,0.01,0.0,none,0.0,"{'epoch': [1, 2, 3, 4, 5, 6, 7, 8, 9, 10, 11, 12, 13], 'train_loss': [1.8431172494252523, 1.451959460512797, 1.2565185863918729, 1.1369366847356162, 1.03855983432134, 0.9485362263997396, 0.8622347430335151, 0.7853905776129828, 0.7071731103685167, 0.638654686556922, 0.5690149938159519, 0.5020081861390008, 0.4489146173106299], 'train_acc': [0.33915555555555554, 0.46092222222222223, 0.5371, 0.5837444444444444, 0.6208777777777778, 0.6551, 0.6868111111111111, 0.7157888888888889, 0.7440333333333333, 0.7676777777777778, 0.7928222222222222, 0.8175888888888889, 0.8372666666666667], 'val_loss': [1.8729435858196681, 1.3308696229722765, 1.31132331088384, 1.2099423147413466, 1.1523942835966745, 1.0378995677365197, 1.0554197905434501, 1.0452254855579801, 1.002087400786082, 1.0061124915864732, 1.0340667724821302, 1.1152404017925261, 1.0992777948803372], 'val_acc': [0.4323888888888889, 0.514, 0.5252777777777777, 0.5584777777777777, 0.5921111111111111, 0.6279222222222223, 0.6157, 0.6332333333333333, 0.6478111111111111, 0.6542222222222223, 0.6527, 0.6476, 0.6502555555555556]}",13,0.7406756281852722,0.7253333330154419,0.7267854809761047,0.7253333330154419
resnet50,1,128,sgd,0.1,0.0,none,0.0,"{'epoch': [1, 2, 3, 4, 5, 6, 7, 8, 9, 10, 11, 12, 13, 14, 15, 16, 17, 18, 19, 20], 'train_loss': [2.6740941310034856, 1.9044225623872546, 1.6838628665076363, 1.5594578176498413, 1.474844139374627, 1.402683887439304, 1.3256798451953464, 1.2566912735409206, 1.1832602876027425, 1.1194032566494412, 1.0573878724628025, 1.0033601440005833, 0.9570808627022638, 0.9011229875564575, 0.8505898908615113, 0.7976037498050266, 0.7466439786275227, 0.7001628743595547, 0.6448871720208063, 0.5915727976799011], 'train_acc': [0.14656666666666668, 0.27505555555555555, 0.36654444444444445, 0.41623333333333334, 0.4501222222222222, 0.48086666666666666, 0.5122888888888889, 0.5406111111111112, 0.5674, 0.5919666666666666, 0.6162111111111112, 0.6361666666666667, 0.6516555555555555, 0.6729, 0.6938777777777778, 0.7106888888888889, 0.7302555555555555, 0.7462888888888889, 0.7673, 0.7870222222222222], 'val_loss': [2.0271084659364487, 1.8169815732744006, 1.6027401108423869, 1.5312611276308696, 1.4946134669833713, 1.4117216675228543, 1.3842877130826314, 1.2815163853539362, 1.2351933539390565, 1.2056021379894681, 1.1835555108388265, 1.2083278674019708, 1.143080219777425, 1.1818638382805717, 1.1451476204448277, 1.0870262426694235, 1.1441058734575908, 1.18267059235043, 1.1620475679927402, 1.2268196395874023], 'val_acc': [0.2175111111111111, 0.32516666666666666, 0.38997777777777776, 0.4253777777777778, 0.4496777777777778, 0.48233333333333334, 0.48954444444444445, 0.5265777777777778, 0.5566444444444445, 0.5651555555555555, 0.5790111111111111, 0.5680888888888889, 0.5942333333333333, 0.5837777777777777, 0.5990777777777778, 0.6211666666666666, 0.6097555555555556, 0.6004, 0.6179222222222223, 0.6131111111111112]}",20,0.7030196189880371,0.6936666965484619,0.6951642632484436,0.6936666369438171
resnet50,1,256,adam,0.001,0.0,none,0.0,"{'epoch': [1, 2, 3, 4, 5, 6, 7, 8, 9, 10, 11, 12, 13, 14, 15], 'train_loss': [1.6024349004109701, 2.0300307070414227, 1.6957722772386339, 1.6010391143374973, 1.508218294652303, 1.3740586093266804, 1.253581901635064, 1.1652630587471855, 1.080975104353163, 1.0027652501848008, 0.9200578772544861, 0.8332589104546441, 0.7402911002477011, 0.6296899565908644, 0.521110142326355], 'train_acc': [0.4144888888888889, 0.23187777777777777, 0.35434444444444446, 0.3965888888888889, 0.43437777777777775, 0.4887666666666667, 0.5370888888888888, 0.5726666666666667, 0.6038111111111111, 0.6354666666666666, 0.6664555555555556, 0.6975777777777777, 0.7334111111111111, 0.7724111111111112, 0.8121222222222222], 'val_loss': [1.3993973377227784, 1.7523491683748034, 1.6841782217873467, 1.5877971453348796, 1.4295107598198784, 1.3914282720353868, 1.2460648910628425, 1.1925755983140733, 1.1235058495839436, 1.0947727003945245, 1.0494611795425415, 1.0896056056022645, 1.1059938329484729, 1.09070507045322, 1.2675775584114923], 'val_acc': [0.5113666666666666, 0.33134444444444444, 0.3707, 0.39465555555555554, 0.46571111111111113, 0.4922, 0.5387, 0.5644444444444444, 0.5880666666666666, 0.6003333333333334, 0.6216444444444444, 0.6137777777777778, 0.6239555555555556, 0.6353444444444445, 0.6219333333333333]}",15,0.7102855443954468,0.7007777690887451,0.7021960020065308,0.7007777690887451
resnet50,1,256,adam,0.1,0.0,none,0.0,"{'epoch': [1, 2, 3, 4, 5], 'train_loss': [2.9586648676978218, 8282.712950116349, 2.240418531926473, 2.1301203475104438, 2.0369454616122775], 'train_acc': [0.20602222222222222, 0.1046, 0.16035555555555556, 0.20593333333333333, 0.23415555555555556], 'val_loss': [1.915215666855706, 2.3237875993940564, 2.1749345355563694, 2.1117123076968722, 2.0444560459984675], 'val_acc': [0.24734444444444445, 0.11523333333333333, 0.1832111111111111, 0.21172222222222223, 0.22913333333333333]}",5,0.25636500120162964,0.24966666102409363,0.20688983798027039,0.24966666102409363
resnet50,1,128,sgd,0.01,0.0,none,0.0,"{'epoch': [1, 2, 3, 4, 5, 6, 7, 8, 9, 10, 11, 12, 13], 'train_loss': [1.910261227438185, 1.5146958504570855, 1.335120455678304, 1.2077671088324653, 1.1125849548339843, 1.0347789552476672, 0.9640842189894783, 0.8824578771379259, 0.813056602244907, 0.7409419576644898, 0.6832083925565083, 0.6103153250164456, 0.5581846389664544], 'train_acc': [0.31566666666666665, 0.43644444444444447, 0.5047, 0.5544222222222223, 0.5922333333333333, 0.6224, 0.6488666666666667, 0.6784777777777777, 0.7070555555555555, 0.7332777777777778, 0.7528777777777778, 0.7788333333333334, 0.7970333333333334], 'val_loss': [1.6638716033087837, 1.4624211610264248, 1.3180659609370762, 1.291701454480489, 1.2821327213287355, 1.1495994503392113, 1.238303708468543, 1.1092459625667996, 1.0368058502727084, 1.059490378718906, 1.0877546036190457, 1.11615474369261, 1.2621141332202488], 'val_acc': [0.41046666666666665, 0.45532222222222224, 0.5117555555555555, 0.5318444444444445, 0.5489888888888889, 0.5814777777777778, 0.5672777777777778, 0.6021222222222222, 0.6276333333333334, 0.6305, 0.6286555555555555, 0.6218555555555556, 0.6135333333333334]}",13,0.7278721332550049,0.69477778673172,0.6927599310874939,0.69477778673172
resnet50,1,32,adam,0.001,0.0,none,0.0,"{'epoch': [1, 2, 3, 4, 5, 6, 7, 8], 'train_loss': [1.5677921676211888, 1.2782540271759033, 1.0927229023509555, 0.9585302263789707, 0.8327789037386576, 0.7177215183787876, 0.5954752973821428, 0.4796195099088881], 'train_acc': [0.42354444444444445, 0.5301333333333333, 0.6020222222222222, 0.6520555555555556, 0.6983222222222222, 0.7414666666666667, 0.7856555555555556, 0.8278444444444445], 'val_loss': [1.3298698710017733, 1.2314933986345926, 1.1382431114806069, 1.060018159892824, 0.967426408885585, 0.8867802966237068, 0.940452224430773, 0.9463862862873409], 'val_acc': [0.5242222222222223, 0.5590555555555555, 0.5988888888888889, 0.6240666666666667, 0.6562666666666667, 0.6843111111111111, 0.6758666666666666, 0.6949777777777778]}",8,0.7797190546989441,0.7774444818496704,0.7769657969474792,0.7774444222450256
resnet50,1,128,sgd,0.001,0.0,none,0.0,"{'epoch': [1, 2, 3, 4, 5, 6, 7, 8, 9, 10, 11, 12, 13, 14, 15, 16, 17, 18, 19, 20, 21], 'train_loss': [1.998667259809706, 1.8165087227079604, 1.6699425139745077, 1.556499588945177, 1.4868755565219456, 1.4209037603590224, 1.3585640760421753, 1.303856675338745, 1.2493961282518176, 1.2011073742760552, 1.1615739672766792, 1.1194061841540865, 1.0867319995456273, 1.0426738006591796, 1.001645811621348, 0.9635869010395474, 0.9144635613229539, 0.8804150162802802, 0.8335487662845188, 0.7945095462481181, 0.7445329881774054], 'train_acc': [0.2406111111111111, 0.31174444444444444, 0.3741, 0.41746666666666665, 0.44625555555555557, 0.4714777777777778, 0.4977666666666667, 0.5193333333333333, 0.5417888888888889, 0.5604888888888889, 0.5758888888888889, 0.5911555555555555, 0.6047, 0.6216222222222222, 0.6375222222222222, 0.6524222222222222, 0.6708444444444445, 0.6808444444444445, 0.6994444444444444, 0.7121222222222222, 0.7310111111111111], 'val_loss': [1.8516304520924887, 1.9300615823745728, 1.7051708259370593, 1.5331048651271397, 1.4836510623719956, 1.4045188679589165, 1.4002237461937799, 1.3053487662845187, 1.295046529091729, 1.2717848271687826, 1.247090599653456, 1.2378078151279026, 1.2433366088496314, 1.1839589046054417, 1.1718709700690375, 1.1958803990258111, 1.1462397703170777, 1.2059150227334765, 1.212947046158049, 1.2219405173619589, 1.2259684859487745], 'val_acc': [0.28867777777777776, 0.31514444444444445, 0.36765555555555557, 0.43172222222222223, 0.4513888888888889, 0.48412222222222223, 0.4847111111111111, 0.5207222222222222, 0.5280777777777778, 0.5323888888888889, 0.5488888888888889, 0.5483222222222223, 0.5530888888888889, 0.5746555555555556, 0.5836222222222223, 0.5801, 0.5916777777777777, 0.5736333333333333, 0.5824888888888888, 0.5805222222222223, 0.5846666666666667]}",21,0.6816233992576599,0.6543333530426025,0.6589841842651367,0.6543333530426025
resnet50,1,32,sgd,0.01,0.0,none,0.0,"{'epoch': [1, 2, 3, 4, 5, 6, 7, 8, 9, 10], 'train_loss': [1.8494459265179104, 1.4021940721193948, 1.1944710222032335, 1.0687957916047839, 0.9677103128751119, 0.8809021004570855, 0.7935789546012878, 0.7079646091885037, 0.635749152247111, 0.5590563830905491], 'train_acc': [0.33425555555555553, 0.47988888888888886, 0.5609555555555555, 0.6096333333333334, 0.6457666666666667, 0.6806, 0.7122111111111111, 0.7442222222222222, 0.7697, 0.7985111111111111], 'val_loss': [1.7203234826829699, 1.2901610068321228, 1.2242685472144021, 1.0858543073097864, 1.031920915502972, 0.9633089096215036, 0.9947048260185454, 0.9305116486522886, 0.9548830403261714, 1.0499578686594964], 'val_acc': [0.46018888888888887, 0.5308777777777778, 0.5503222222222223, 0.6103555555555555, 0.6236222222222222, 0.6541, 0.6410222222222223, 0.6714, 0.6637777777777778, 0.6499777777777778]}",10,0.7608095407485962,0.7492221593856812,0.7497225999832153,0.7492222189903259